,fold,model_path,test_loss,accuracy_original,accuracy_gaussian
0,1.0,./pt_runs/WavLM-CNN-ft12/best_model_fold1,0.19905211627483368,0.8070937797528983,0.8075871292582365
1,2.0,./pt_runs/WavLM-CNN-ft12/best_model_fold2,0.17719990909099578,0.823402532209641,0.8238842808278087
2,4.0,./pt_runs/WavLM-CNN-ft12/best_model_fold4,0.19166384339332582,0.8077117158347616,0.8081415961219524
3,3.0,./pt_runs/WavLM-CNN-ft12/best_model_fold3,0.18961112201213837,0.8161004378640402,0.8167588269635476
average,2.5,,0.1893817476928234,0.8135771164153353,0.8140929582928863
std_dev,1.2909944487358056,,0.009076963398213485,0.007731807139204893,0.007761472709690461
