,fold,model_path,test_loss,accuracy_original,accuracy_gaussian
0,1.0,./pt_runs/HubertCNN_12_complete_1sec/best_model_fold1,0.17214142865148083,0.8221076448401783,0.8224088201723644
1,2.0,./pt_runs/HubertCNN_12_complete_1sec/best_model_fold2,0.1642283797264099,0.8291615551758457,0.8295536178357077
2,4.0,./pt_runs/HubertCNN_12_complete_1sec/best_model_fold4,0.17356392432903422,0.8191517366416412,0.8193827300219018
3,3.0,./pt_runs/HubertCNN_12_complete_1sec/best_model_fold3,0.1685340897790317,0.8206068710061796,0.8208599287582674
average,2.5,,0.16961695562148918,0.8227569519159612,0.8230512741970604
std_dev,1.2909944487358056,,0.004169767166452882,0.004437002279617102,0.00450752819056129
