,fold,model_path,test_loss,accuracy_original,accuracy_gaussian
0,1.0,./pt_runs/Wavml_cnn/best_model_fold1,0.2042245219151179,0.7963750352235437,0.7966330709480527
1,2.0,./pt_runs/Wavml_cnn/best_model_fold2,0.1781718134880066,0.8123438515547772,0.8125850302726336
2,4.0,./pt_runs/Wavml_cnn/best_model_fold4,0.17445021867752075,0.8201117531067389,0.8203768559028701
3,3.0,./pt_runs/Wavml_cnn/best_model_fold3,0.18593346079190573,0.8051909864611736,0.8054321188615337
average,2.5,,0.18569500371813774,0.8085054065865583,0.8087567689962725
std_dev,1.2909944487358056,,0.013246930314059843,0.010125417349303896,0.010127838811905128
