,fold,model_path,test_loss,accuracy_original,accuracy_gaussian
0,4.0,./pt_runs/20241122-131342/best_model_fold4,0.162087007961442,0.8089296791336006,0.8089742743009949
average,4.0,,0.162087007961442,0.8089296791336006,0.8089742743009949
std_dev,,,,,
