,fold,model_path,test_loss,accuracy_original,accuracy_gaussian
0,1.0,./pt_runs/20241118-174146/best_model_fold1,0.41794532537460327,0.7185639146802926,0.7299630821756364
average,1.0,,0.41794532537460327,0.7185639146802926,0.7299630821756364
std_dev,,,,,
