,fold,model_path,test_loss,accuracy_original,accuracy_gaussian
0,1.0,./pt_runs_SOTA/vrb/best_model_fold1,0.240126833319664,0.7712795077162544,0.7714552265611914
1,2.0,./pt_runs_SOTA/vrb/best_model_fold2,0.22777118782202402,0.7934074987791662,0.793627624564564
2,4.0,./pt_runs_SOTA/vrb/best_model_fold4,0.22392057379086813,0.7946509080346223,0.7948482170658757
3,3.0,./pt_runs_SOTA/vrb/best_model_fold3,0.21051540970802307,0.8043032343273857,0.8045581537961463
average,2.5,,0.2255835011601448,0.7909102872143572,0.7911223054969444
std_dev,1.2909944487358056,,0.01219435922435264,0.013963844334517719,0.01399374924784135
