,fold,model_path,test_loss,accuracy_original,accuracy_gaussian
0,1.0,./pt_runs/HubertCNN_12_complete_1sec/best_model_fold1,0.17476322650909423,0.8221150004001923,0.8224162293200467
1,2.0,./pt_runs/HubertCNN_12_complete_1sec/best_model_fold2,0.16608659823735555,0.8291731491244679,0.8295651956088211
2,4.0,./pt_runs/HubertCNN_12_complete_1sec/best_model_fold4,0.1765403151512146,0.8191566329268198,0.8193875961917755
3,3.0,./pt_runs/HubertCNN_12_complete_1sec/best_model_fold3,0.1710261344909668,0.8206134136395279,0.820866542894735
average,2.5,,0.1721040685971578,0.822764549022752,0.8230588910038446
std_dev,1.2909944487358056,,0.00462324906522759,0.004439838986158089,0.00451035140837913
