,fold,model_path,test_loss,accuracy_original,accuracy_gaussian
0,1.0,./pt_runs/VRBModel/best_model_fold1,0.24001346230506898,0.7712715101359159,0.7714471748391083
1,2.0,./pt_runs/VRBModel/best_model_fold2,0.22655014097690582,0.7934061230329313,0.7936262664657748
2,4.0,./pt_runs/VRBModel/best_model_fold4,0.2234230548143387,0.7946528929372259,0.7948501847631646
3,3.0,./pt_runs/VRBModel/best_model_fold3,0.20847151577472686,0.8042979457457826,0.8045528606180088
average,2.5,,0.22461454346776008,0.790907117962964,0.7911191216715141
std_dev,1.2909944487358056,,0.012947203396676151,0.013965997039766132,0.013995921323405072
