,fold,model_path,test_loss,accuracy_original,accuracy_gaussian
0,1.0,./pt_runs/Wavml_attention/best_model_fold1,0.18832346598307292,0.8110163064225134,0.8112402798801439
1,2.0,./pt_runs/Wavml_attention/best_model_fold2,0.17950025002161663,0.817414918805314,0.8176662640751746
2,4.0,./pt_runs/Wavml_attention/best_model_fold4,0.18618090550104777,0.8081181916751579,0.8083132748482011
3,3.0,./pt_runs/Wavml_attention/best_model_fold3,0.18794905344645182,0.8079946632833204,0.8082831893934738
average,2.5,,0.18548841873804728,0.8111360200465765,0.8113757520492484
std_dev,1.2909944487358056,,0.004099996688742657,0.004412645138978672,0.004417073112509019
