,fold,model_path,test_loss,accuracy_original,accuracy_gaussian
0,1.0,./pt_runs/HubertCNN_12_complete_1sec/best_model_fold1,0.17045847269204947,0.8232631546219271,0.8233523789145832
1,2.0,./pt_runs/HubertCNN_12_complete_1sec/best_model_fold2,0.16311791274674545,0.8300092413835659,0.8301017780714693
2,4.0,./pt_runs/HubertCNN_12_complete_1sec/best_model_fold4,0.17162794862273176,0.8208080149260851,0.8209176734522253
3,3.0,./pt_runs/HubertCNN_12_complete_1sec/best_model_fold3,0.16750283953706188,0.8214680706067783,0.8215603466866598
average,2.5,,0.16817679339964714,0.8238871203845892,0.8239830442812344
std_dev,1.2909944487358056,,0.003793108665127611,0.004211191084527142,0.004207239948570936
