,fold,model_path,test_loss,accuracy_original,accuracy_gaussian
0,4.0,./pt_runs/20241122-131342/best_model_fold4,0.2682689042652355,0.7537526561174362,0.753756220038202
average,4.0,,0.2682689042652355,0.7537526561174362,0.753756220038202
std_dev,,,,,
