,fold,model_path,test_loss,accuracy_original,accuracy_gaussian
0,1.0,./pt_runs_SOTA/Apple/best_model_fold1,0.22625718835522146,0.8278112434241633,0.8278368903301896
1,2.0,./pt_runs_SOTA/Apple/best_model_fold2,0.2331008709528867,0.8018038210910369,0.8018419958319765
2,4.0,./pt_runs_SOTA/Apple/best_model_fold4,0.21314587137278387,0.8216253891477056,0.8216513985510336
3,3.0,./pt_runs_SOTA/Apple/best_model_fold3,0.21803807861664715,0.8261442011574693,0.8261908075285986
average,2.5,,0.22263550232438478,0.8193461637050938,0.8193802730604496
std_dev,1.2909944487358056,,0.008828551232269836,0.011983315357352899,0.01198119268583712
