,fold,model_path,test_loss,accuracy_original,accuracy_gaussian
0,1.0,./pt_runs/Wavml_lstm/best_model_fold1,0.20183992882569632,0.8022453562043488,0.8024102683003111
1,2.0,./pt_runs/Wavml_lstm/best_model_fold2,0.18474708994229636,0.8170237952516574,0.8172628358289306
2,4.0,./pt_runs/Wavml_lstm/best_model_fold4,0.2011409749587377,0.7994605844544674,0.7996536677469708
3,3.0,./pt_runs/Wavml_lstm/best_model_fold3,0.21091002225875854,0.798156196074614,0.7983611999716617
average,2.5,,0.19965950399637222,0.8042214829962718,0.8044219929619686
std_dev,1.2909944487358056,,0.01089194293566201,0.008703603402222548,0.008725526128848742
