,fold,model_path,test_loss,accuracy_original,accuracy_gaussian
0,1.0,./pt_runs/Wavml_cnn/best_model_fold1,0.1935136642526178,0.8063682305036293,0.8064823666774483
1,2.0,./pt_runs/Wavml_cnn/best_model_fold2,0.17355509277652292,0.8221392977433958,0.8222127186022155
2,4.0,./pt_runs/Wavml_cnn/best_model_fold4,0.17016354027916403,0.8273284036188855,0.8274008881857188
3,3.0,./pt_runs/Wavml_cnn/best_model_fold3,0.18276504909290986,0.8132779390738195,0.8133384272008244
average,2.5,,0.17999933660030365,0.8172784677349325,0.8173586001665517
std_dev,1.2909944487358056,,0.010465138718894915,0.009303518790480025,0.00928913810194853
