,fold,model_path,test_loss,accuracy_original,accuracy_gaussian
0,1.0,./pt_runs/CNN_12/best_model_fold1,0.17639742578778947,0.8031520809786263,0.8035578914078748
average,1.0,,0.17639742578778947,0.8031520809786263,0.8035578914078748
std_dev,,,,,
