,fold,model_path,test_loss,accuracy_original,accuracy_gaussian
0,1.0,./pt_runs/Wavml_lstm/best_model_fold1,0.19810268808813655,0.8147739078379017,0.8147860474333264
1,2.0,./pt_runs/Wavml_lstm/best_model_fold2,0.17996417336604176,0.8317258124229303,0.831774639878906
2,4.0,./pt_runs/Wavml_lstm/best_model_fold4,0.1985054463148117,0.8117984441309303,0.811846644401466
3,3.0,./pt_runs/Wavml_lstm/best_model_fold3,0.20743839968653285,0.8087592201981061,0.8087931023640249
average,2.5,,0.19600267686388073,0.8167643461474672,0.8168001085194309
std_dev,1.2909944487358056,,0.011527984111040886,0.010272123150854877,0.010278488634605417
