,fold,model_path,test_loss,accuracy_original,accuracy_gaussian
0,1.0,./pt_runs_SOTA/vrb/best_model_fold1,0.2314004074124729,0.7994396668726572,0.7994644042912851
1,2.0,./pt_runs_SOTA/vrb/best_model_fold2,0.22655554115772247,0.8196937497329615,0.8197444911721885
2,4.0,./pt_runs_SOTA/vrb/best_model_fold4,0.2172944063649458,0.8213132660855187,0.821339919422424
3,3.0,./pt_runs_SOTA/vrb/best_model_fold3,0.2082505769589368,0.8338186370117024,0.8338632692059561
average,2.5,,0.2208752329735195,0.8185663299257099,0.8186030210229635
std_dev,1.2909944487358056,,0.010251007376922028,0.014227659033004192,0.014235582085735634
