,fold,model_path,test_loss,accuracy_original,accuracy_gaussian
0,1.0,./pt_runs/WavLm_CnNN_16/best_model_fold1,0.17973851263523102,0.8185322819473854,0.8188704534537872
1,2.0,./pt_runs/WavLm_CnNN_16/best_model_fold2,0.1754423975944519,0.8271082826069077,0.8275089028765875
2,4.0,./pt_runs/WavLm_CnNN_16/best_model_fold4,0.1883994609117508,0.812674110512768,0.8130926365616667
3,3.0,./pt_runs/WavLm_CnNN_16/best_model_fold3,0.17842292189598083,0.8247325287508793,0.8252609063566114
average,2.5,,0.18050082325935365,0.820761800954485,0.8211832248121631
std_dev,1.2909944487358056,,0.0055640194863893,0.006491686999069268,0.006517878472526377
