,fold,model_path,test_loss,accuracy_original,accuracy_gaussian
0,1.0,./pt_runs/Wavml_attention/best_model_fold1,0.181600042125758,0.822443149559324,0.8225041689797495
1,2.0,./pt_runs/Wavml_attention/best_model_fold2,0.1750251755994909,0.830947964725766,0.8310496129562026
2,4.0,./pt_runs/Wavml_attention/best_model_fold4,0.182364301646457,0.8189384077703997,0.8189695678751124
3,3.0,./pt_runs/Wavml_attention/best_model_fold3,0.18401161186835346,0.820241566059803,0.8203727006882429
average,2.5,,0.18075028281001485,0.8231427720288231,0.8232240126248268
std_dev,1.2909944487358056,,0.003947162166157666,0.005400746230180453,0.005415670943594015
