,fold,model_path,test_loss,accuracy_original,accuracy_gaussian
0,1.0,./pt_runs_SOTA/Apple/best_model_fold1,0.23073321084181467,0.7881080833573215,0.7882884995465731
1,2.0,./pt_runs_SOTA/Apple/best_model_fold2,0.2406334231297175,0.7830525465987044,0.7833105190005949
2,4.0,./pt_runs_SOTA/Apple/best_model_fold4,0.21840297679106394,0.7973390612694431,0.7975351828046322
3,3.0,./pt_runs_SOTA/Apple/best_model_fold3,0.2210275779167811,0.7973759873057527,0.7975971896497782
average,2.5,,0.2276992971698443,0.7914689196328053,0.7916828477503945
std_dev,1.2909944487358056,,0.01012307029992146,0.0071059263258850145,0.007090997910810856
