,fold,model_path,test_loss,accuracy_original,accuracy_gaussian
0,4.0,./pt_runs/20241122-131342/best_model_fold4,0.16576833526293436,0.8060742776954578,0.8062379104358529
average,4.0,,0.16576833526293436,0.8060742776954578,0.8062379104358529
std_dev,,,,,
