,fold,model_path,test_loss,accuracy_original,accuracy_gaussian
0,1.0,./pt_runs/HubertCNN_12_complete_1sec/best_model_fold1,0.17064274689730477,0.8232754128335554,0.8233646361233334
1,2.0,./pt_runs/HubertCNN_12_complete_1sec/best_model_fold2,0.163120997653288,0.8300223292642581,0.8301148758402778
2,4.0,./pt_runs/HubertCNN_12_complete_1sec/best_model_fold4,0.17180732909370872,0.8208084426430332,0.8209181217562462
3,3.0,./pt_runs/HubertCNN_12_complete_1sec/best_model_fold3,0.16773935696657966,0.8214723353638022,0.8215646199917338
average,2.5,,0.1683276076527203,0.8238946300261623,0.8239905634278979
std_dev,1.2909944487358056,,0.003869675162276675,0.004216008850372733,0.004212049655302384
