,fold,model_path,test_loss,accuracy_original,accuracy_gaussian
0,1.0,./pt_runs/WavLm_CnNN_16/best_model_fold1,0.1795550286769867,0.8185310917336664,0.8188690904524485
1,2.0,./pt_runs/WavLm_CnNN_16/best_model_fold2,0.17545153200626373,0.8270766663793316,0.8274773121026862
2,4.0,./pt_runs/WavLm_CnNN_16/best_model_fold4,0.18782020111878714,0.8126682229929645,0.8130867111235632
3,3.0,./pt_runs/WavLm_CnNN_16/best_model_fold3,0.17867482701937357,0.8247306020029805,0.8252589308139455
average,2.5,,0.18037539720535278,0.8207516457772358,0.8211730111231608
std_dev,1.2909944487358056,,0.005267336369490203,0.006483583433899766,0.006509870677169499
