,fold,model_path,test_loss,accuracy_original,accuracy_gaussian
0,4.0,./pt_runs/20241122-131342/best_model_fold4,0.16401171787031765,0.8060651967156324,0.8062288726043546
average,4.0,,0.16401171787031765,0.8060651967156324,0.8062288726043546
std_dev,,,,,
