,fold,model_path,test_loss,accuracy_original,accuracy_gaussian
0,1.0,./pt_runs/Wav2Vec2ConvLSTMModel/best_model_fold1,0.2319260060787201,0.7881080933447544,0.7882885082734674
1,2.0,./pt_runs/Wav2Vec2ConvLSTMModel/best_model_fold2,0.24087496101856232,0.7830525507783013,0.7833105227998711
2,4.0,./pt_runs/Wav2Vec2ConvLSTMModel/best_model_fold4,0.2181155115365982,0.7973390509727992,0.7975351712364898
3,3.0,./pt_runs/Wav2Vec2ConvLSTMModel/best_model_fold3,0.22141392827033995,0.7973758407506448,0.7975970443356896
average,2.5,,0.22808260172605516,0.791468883961625,0.7916828116613794
std_dev,1.2909944487358056,,0.01036388450003839,0.007105879656303108,0.007090951440438963
