,fold,model_path,test_loss,accuracy_original,accuracy_gaussian
0,1.0,./pt_runs/WavLm_CnNN_16/best_model_fold1,0.1762746256940505,0.8259486634085186,0.8260311961513586
1,2.0,./pt_runs/WavLm_CnNN_16/best_model_fold2,0.17059440735508413,0.834337562617618,0.8344177010994618
2,4.0,./pt_runs/WavLm_CnNN_16/best_model_fold4,0.18326442381914923,0.8196740888527922,0.8197641160174433
3,3.0,./pt_runs/WavLm_CnNN_16/best_model_fold3,0.17555024080416737,0.8303054185008011,0.8304151255767308
average,2.5,,0.1764209244181128,0.8275664333449325,0.8276570347112486
std_dev,1.2909944487358056,,0.005214124356335892,0.006278442281895215,0.006278407222770731
